CPF,Atendente
706.834.152-71,Raul Sampaio
073.928.415-05,Srta. Maria Helena Castro
691.830.574-39,Sophia Borges
382.410.967-04,Gustavo Henrique Silva
658.431.920-24,Sra. Vitória Sales
175.462.938-55,Marcelo Costa
213.809.765-02,Ryan Gomes
643.987.251-64,Emanuelly Farias
723.105.846-90,Helena Sousa
683.214.570-53,Fernanda Fonseca
273.609.854-47,Enzo Alves
498.763.025-74,Eduarda Cavalcanti
396.508.247-74,Fernanda Silva
063.745.281-07,Rodrigo Costela
607.419.823-31,Antony Sá
279.430.156-06,Dr. Arthur Gabriel Abreu
419.027.835-14,Sr. Marcos Vinicius Montenegro
846.531.097-10,Davi Luiz Oliveira
213.948.650-15,Bruna Pires
381.602.749-04,Gustavo Macedo
